Workbook

Sheet Instructions
A1: Helonix Water Tank Controller WT1.1 – Test Matrix v1.1
A2: Date 26-09-2026. Firmware: STM32 branch fix/testing-report-24-09-26; ESP-01 web app branch fix/device-sync. Rules are described in WT1.1_Functional_Specification_v1.1.docx.
A4: Sheet | B4: Purpose
A5: Test Cases | B5: One row per test. Each test is linked to a rule ID of the specification.
A6: Summary | B6: Pass / Fail count per module (calculated automatically from the Status column).
A7: Rules | B7: All rules with a Client OK? dropdown and a Client Comment column.
A8: Decisions | B8: Open points that need a client decision.
A10: Columns to fill (yellow) | B10: Actual Result, Status, Tested By, Date, Client Comment. Developer Remark is filled by the development team.
A11: Status values | B11: Not Run = not tested yet Pass = result matches Expected Fail = result differs (describe it in Actual Result) Blocked = could not be tested (say why in Actual Result)
A12: New problem found? | B12: Add a new row at the bottom with the next Test ID and the rule ID it belongs to (or 'NEW' if no rule covers it). A 'NEW' row means the specification needs a new rule.
A14: Example of a filled row
A15: Test ID | B15: TC-AUTO-07
A16: Rule ID | B16: AUTO-04
A17: Precondition | B17: Auto stopped at 100%
A18: Steps / Event | B18: Lower level to 25%
A19: Expected Result | B19: Motor ON
A20: Actual Result | B20: Motor ON after about 6 s
A21: Status | B21: Pass
A22: Tested By | B22: R. Kumar
A23: Date | B23: 27-09-2026
A24: Client Comment | B24: OK
A25: Developer Remark

Sheet Summary
A1: Test summary
A2: Calculated from the Status column of the Test Cases sheet.
A4: Module | B4: Total | C4: Pass | D4: Fail | E4: Blocked | F4: Not Run | G4: % Pass
A5: General behaviour | B5: =COUNTIF('Test Cases'!$B$2:$B$363,A5) | C5: =COUNTIFS('Test Cases'!$B$2:$B$363,A5,'Test Cases'!$I$2:$I$363,"Pass") | D5: =COUNTIFS('Test Cases'!$B$2:$B$363,A5,'Test Cases'!$I$2:$I$363,"Fail") | E5: =COUNTIFS('Test Cases'!$B$2:$B$363,A5,'Test Cases'!$I$2:$I$363,"Blocked") | F5: =COUNTIFS('Test Cases'!$B$2:$B$363,A5,'Test Cases'!$I$2:$I$363,"Not Run") | G5: =IF(B5=0,0,C5/B5)
A6: Device buttons | B6: =COUNTIF('Test Cases'!$B$2:$B$363,A6) | C6: =COUNTIFS('Test Cases'!$B$2:$B$363,A6,'Test Cases'!$I$2:$I$363,"Pass") | D6: =COUNTIFS('Test Cases'!$B$2:$B$363,A6,'Test Cases'!$I$2:$I$363,"Fail") | E6: =COUNTIFS('Test Cases'!$B$2:$B$363,A6,'Test Cases'!$I$2:$I$363,"Blocked") | F6: =COUNTIFS('Test Cases'!$B$2:$B$363,A6,'Test Cases'!$I$2:$I$363,"Not Run") | G6: =IF(B6=0,0,C6/B6)
A7: Auto mode | B7: =COUNTIF('Test Cases'!$B$2:$B$363,A7) | C7: =COUNTIFS('Test Cases'!$B$2:$B$363,A7,'Test Cases'!$I$2:$I$363,"Pass") | D7: =COUNTIFS('Test Cases'!$B$2:$B$363,A7,'Test Cases'!$I$2:$I$363,"Fail") | E7: =COUNTIFS('Test Cases'!$B$2:$B$363,A7,'Test Cases'!$I$2:$I$363,"Blocked") | F7: =COUNTIFS('Test Cases'!$B$2:$B$363,A7,'Test Cases'!$I$2:$I$363,"Not Run") | G7: =IF(B7=0,0,C7/B7)
A8: Manual mode | B8: =COUNTIF('Test Cases'!$B$2:$B$363,A8) | C8: =COUNTIFS('Test Cases'!$B$2:$B$363,A8,'Test Cases'!$I$2:$I$363,"Pass") | D8: =COUNTIFS('Test Cases'!$B$2:$B$363,A8,'Test Cases'!$I$2:$I$363,"Fail") | E8: =COUNTIFS('Test Cases'!$B$2:$B$363,A8,'Test Cases'!$I$2:$I$363,"Blocked") | F8: =COUNTIFS('Test Cases'!$B$2:$B$363,A8,'Test Cases'!$I$2:$I$363,"Not Run") | G8: =IF(B8=0,0,C8/B8)
A9: Timer mode | B9: =COUNTIF('Test Cases'!$B$2:$B$363,A9) | C9: =COUNTIFS('Test Cases'!$B$2:$B$363,A9,'Test Cases'!$I$2:$I$363,"Pass") | D9: =COUNTIFS('Test Cases'!$B$2:$B$363,A9,'Test Cases'!$I$2:$I$363,"Fail") | E9: =COUNTIFS('Test Cases'!$B$2:$B$363,A9,'Test Cases'!$I$2:$I$363,"Blocked") | F9: =COUNTIFS('Test Cases'!$B$2:$B$363,A9,'Test Cases'!$I$2:$I$363,"Not Run") | G9: =IF(B9=0,0,C9/B9)
A10: Twist mode | B10: =COUNTIF('Test Cases'!$B$2:$B$363,A10) | C10: =COUNTIFS('Test Cases'!$B$2:$B$363,A10,'Test Cases'!$I$2:$I$363,"Pass") | D10: =COUNTIFS('Test Cases'!$B$2:$B$363,A10,'Test Cases'!$I$2:$I$363,"Fail") | E10: =COUNTIFS('Test Cases'!$B$2:$B$363,A10,'Test Cases'!$I$2:$I$363,"Blocked") | F10: =COUNTIFS('Test Cases'!$B$2:$B$363,A10,'Test Cases'!$I$2:$I$363,"Not Run") | G10: =IF(B10=0,0,C10/B10)
A11: Semi-Auto mode | B11: =COUNTIF('Test Cases'!$B$2:$B$363,A11) | C11: =COUNTIFS('Test Cases'!$B$2:$B$363,A11,'Test Cases'!$I$2:$I$363,"Pass") | D11: =COUNTIFS('Test Cases'!$B$2:$B$363,A11,'Test Cases'!$I$2:$I$363,"Fail") | E11: =COUNTIFS('Test Cases'!$B$2:$B$363,A11,'Test Cases'!$I$2:$I$363,"Blocked") | F11: =COUNTIFS('Test Cases'!$B$2:$B$363,A11,'Test Cases'!$I$2:$I$363,"Not Run") | G11: =IF(B11=0,0,C11/B11)
A12: Countdown mode | B12: =COUNTIF('Test Cases'!$B$2:$B$363,A12) | C12: =COUNTIFS('Test Cases'!$B$2:$B$363,A12,'Test Cases'!$I$2:$I$363,"Pass") | D12: =COUNTIFS('Test Cases'!$B$2:$B$363,A12,'Test Cases'!$I$2:$I$363,"Fail") | E12: =COUNTIFS('Test Cases'!$B$2:$B$363,A12,'Test Cases'!$I$2:$I$363,"Blocked") | F12: =COUNTIFS('Test Cases'!$B$2:$B$363,A12,'Test Cases'!$I$2:$I$363,"Not Run") | G12: =IF(B12=0,0,C12/B12)
A13: Refill | B13: =COUNTIF('Test Cases'!$B$2:$B$363,A13) | C13: =COUNTIFS('Test Cases'!$B$2:$B$363,A13,'Test Cases'!$I$2:$I$363,"Pass") | D13: =COUNTIFS('Test Cases'!$B$2:$B$363,A13,'Test Cases'!$I$2:$I$363,"Fail") | E13: =COUNTIFS('Test Cases'!$B$2:$B$363,A13,'Test Cases'!$I$2:$I$363,"Blocked") | F13: =COUNTIFS('Test Cases'!$B$2:$B$363,A13,'Test Cases'!$I$2:$I$363,"Not Run") | G13: =IF(B13=0,0,C13/B13)
A14: Protections | B14: =COUNTIF('Test Cases'!$B$2:$B$363,A14) | C14: =COUNTIFS('Test Cases'!$B$2:$B$363,A14,'Test Cases'!$I$2:$I$363,"Pass") | D14: =COUNTIFS('Test Cases'!$B$2:$B$363,A14,'Test Cases'!$I$2:$I$363,"Fail") | E14: =COUNTIFS('Test Cases'!$B$2:$B$363,A14,'Test Cases'!$I$2:$I$363,"Blocked") | F14: =COUNTIFS('Test Cases'!$B$2:$B$363,A14,'Test Cases'!$I$2:$I$363,"Not Run") | G14: =IF(B14=0,0,C14/B14)
A15: Power restore | B15: =COUNTIF('Test Cases'!$B$2:$B$363,A15) | C15: =COUNTIFS('Test Cases'!$B$2:$B$363,A15,'Test Cases'!$I$2:$I$363,"Pass") | D15: =COUNTIFS('Test Cases'!$B$2:$B$363,A15,'Test Cases'!$I$2:$I$363,"Fail") | E15: =COUNTIFS('Test Cases'!$B$2:$B$363,A15,'Test Cases'!$I$2:$I$363,"Blocked") | F15: =COUNTIFS('Test Cases'!$B$2:$B$363,A15,'Test Cases'!$I$2:$I$363,"Not Run") | G15: =IF(B15=0,0,C15/B15)
A16: Buzzer | B16: =COUNTIF('Test Cases'!$B$2:$B$363,A16) | C16: =COUNTIFS('Test Cases'!$B$2:$B$363,A16,'Test Cases'!$I$2:$I$363,"Pass") | D16: =COUNTIFS('Test Cases'!$B$2:$B$363,A16,'Test Cases'!$I$2:$I$363,"Fail") | E16: =COUNTIFS('Test Cases'!$B$2:$B$363,A16,'Test Cases'!$I$2:$I$363,"Blocked") | F16: =COUNTIFS('Test Cases'!$B$2:$B$363,A16,'Test Cases'!$I$2:$I$363,"Not Run") | G16: =IF(B16=0,0,C16/B16)
... A19: Web app (ESP-01) | B19: =COUNTIF('Test Cases'!$B$2:$B$363,A19) | C19: =COUNTIFS('Test Cases'!$B$2:$B$363,A19,'Test Cases'!$I$2:$I$363,"Pass") | D19: =COUNTIFS('Test Cases'!$B$2:$B$363,A19,'Test Cases'!$I$2:$I$363,"Fail") | E19: =COUNTIFS('Test Cases'!$B$2:$B$363,A19,'Test Cases'!$I$2:$I$363,"Blocked") | F19: =COUNTIFS('Test Cases'!$B$2:$B$363,A19,'Test Cases'!$I$2:$I$363,"Not Run") | G19: =IF(B19=0,0,C19/B19)
A20: Total | B20: =SUM(B5:B19) | C20: =SUM(C5:C19) | D20: =SUM(D5:D19) | E20: =SUM(E5:E19) | F20: =SUM(F5:F19) | G20: =IF(B20=0,0,C20/B20)

Sheet Rules
A1: Rule ID | B1: Module | C1: Rule | D1: Client OK? | E1: Client Comment
A2: GEN-01 | B2: General behaviour | C2: Tank level comes from the 4 level probes; a new level is accepted only after it is stable for 5 s.
A3: GEN-02 | B3: General behaviour | C3: If a wireless tank transmitter is paired, its level is used; during a signal gap the last received level is kept.
A4: GEN-03 | B4: General behaviour | C4: After power-up the motor never starts during the first 10 s.
A5: GEN-04 | B5: General behaviour | C5: A ground water change (YES/NO) is accepted only after it has lasted 10 s.
A6: GEN-05 | B6: General behaviour | C6: All settings (limits, timer slots, twist, buzzer, countdown time, power restore, last mode) are kept through power cuts and firmware updates.
A7: GEN-06 | B7: General behaviour | C7: The clock keeps running during a power cut on its backup battery, and is not changed by firmware updates.
A8: GEN-07 | B8: General behaviour | C8: Relay 2 gives a 2 s pulse when the motor starts and relay 3 a 2 s pulse when it stops (for an external starter panel).
A9: BTN-01 | B9: Device buttons | C9: Button 1 short press: Refill start / stop. Long press: Manual on / off.
A10: BTN-02 | B10: Device buttons | C10: Button 2 short press: Auto on / Auto off (motor off). Long press: open the menu.
A11: BTN-03 | B11: Device buttons | C11: Button 3 short press: Timer mode on / off. Long press: Semi-Auto on / off.
A12: BTN-04 | B12: Device buttons | C12: Button 4 short press: Countdown start (saved time) / stop. Long press: edit the countdown time.
A13: BTN-05 | B13: Device buttons | C13: Twist mode is started and stopped from Menu > Twist Mode or from the app.
... A104: APP-08 | B104: Web app (ESP-01) | C104: Settings page has separate buzzer switches (pump on, tank full, tank empty), power restore ON/OFF and factory reset.

Sheet Test Cases
A1: Test ID | B1: Module | C1: Rule ID | D1: Rule (from Rules sheet) | E1: Precondition / setup | F1: Steps / event | G1: Expected result | H1: Actual result | I1: Status | J1: Tested by | K1: Date | L1: Client Comment | M1: Developer Remark
A2: TC-GEN-01 | B2: General behaviour | C2: GEN-01 | D2: =IFERROR(INDEX(Rules!$C$2:$C$104,MATCH(C2,Rules!$A$2:$A$104,0)),"") | E2: Any mode, level 50% | F2: Touch the 75% probe for 3 s only, then release | G2: Level stays 50% (change shorter than 5 s is ignored) | I2: Not Run
A3: TC-GEN-02 | B3: General behaviour | C3: GEN-01 | D3: =IFERROR(INDEX(Rules!$C$2:$C$104,MATCH(C3,Rules!$A$2:$A$104,0)),"") | E3: Any mode, level 50% | F3: Touch the 75% probe and hold 6 s | G3: Level changes to 75% after about 5 s | I3: Not Run
A4: TC-GEN-03 | B4: General behaviour | C4: GEN-02 | D4: =IFERROR(INDEX(Rules!$C$2:$C$104,MATCH(C4,Rules!$A$2:$A$104,0)),"") | E4: Wireless transmitter paired and sending | F4: Switch the transmitter off for 2 min | G4: Level keeps the last received value; no false TANK FULL | I4: Not Run
A5: TC-GEN-04 | B5: General behaviour | C5: GEN-03 | D5: =IFERROR(INDEX(Rules!$C$2:$C$104,MATCH(C5,Rules!$A$2:$A$104,0)),"") | E5: Power restore ON, Auto, level 25% | F5: Switch power off and on | G5: Motor does not start before 10 s; starts after 10 s | I5: Not Run
A6: TC-GEN-05 | B6: General behaviour | C6: GEN-04 | D6: =IFERROR(INDEX(Rules!$C$2:$C$104,MATCH(C6,Rules!$A$2:$A$104,0)),"") | E6: Auto, level 60%, motor off | F6: Connect G.W for 5 s only, then remove | G6: No reaction (change shorter than 10 s ignored) | I6: Not Run
A7: TC-GEN-06 | B7: General behaviour | C7: GEN-05 | D7: =IFERROR(INDEX(Rules!$C$2:$C$104,MATCH(C7,Rules!$A$2:$A$104,0)),"") | E7: Change max run, voltages, buzzer, countdown time, a timer slot | F7: Switch power off and on | G7: All changed values are still set (device menu and app) | I7: Not Run
A8: TC-GEN-07 | B8: General behaviour | C8: GEN-05 | D8: =IFERROR(INDEX(Rules!$C$2:$C$104,MATCH(C8,Rules!$A$2:$A$104,0)),"") | E8: Settings changed | F8: Flash new firmware | G8: All settings kept | I8: Not Run
A9: TC-GEN-08 | B9: General behaviour | C9: GEN-06 | D9: =IFERROR(INDEX(Rules!$C$2:$C$104,MATCH(C9,Rules!$A$2:$A$104,0)),"") | E9: Clock set correctly | F9: Power off for 10 min, then on | G9: Clock shows the correct time and date | I9: Not Run
A10: TC-GEN-09 | B10: General behaviour | C10: GEN-07 | D10: =IFERROR(INDEX(Rules!$C$2:$C$104,MATCH(C10,Rules!$A$2:$A$104,0)),"") | E10: Starter panel (or meter) on relay 2 and 3 | F10: Start the motor, then stop it | G10: Relay 2 closes 2 s at start; relay 3 closes 2 s at stop | I10: Not Run
A11: TC-BTN-01 | B11: Device buttons | C11: BTN-01 | D11: =IFERROR(INDEX(Rules!$C$2:$C$104,MATCH(C11,Rules!$A$2:$A$104,0)),"") | E11: Dashboard, level 50% | F11: Short press button 1 | G11: Refill starts, motor ON; press again - Refill stops | I11: Not Run
A12: TC-BTN-02 | B12: Device buttons | C12: BTN-01 | D12: =IFERROR(INDEX(Rules!$C$2:$C$104,MATCH(C12,Rules!$A$2:$A$104,0)),"") | E12: Dashboard | F12: Hold button 1 for 2 s | G12: Manual mode, motor ON; hold again - Manual off | I12: Not Run
A13: TC-BTN-03 | B13: Device buttons | C13: BTN-02 | D13: =IFERROR(INDEX(Rules!$C$2:$C$104,MATCH(C13,Rules!$A$2:$A$104,0)),"") | E13: Dashboard | F13: Short press button 2 | G13: Auto on; press again - motor off, screen AUTO M:OFF | I13: Not Run
... A163: TC-APP-08 | B163: Web app (ESP-01) | C163: APP-08 | D163: =IFERROR(INDEX(Rules!$C$2:$C$104,MATCH(C163,Rules!$A$2:$A$104,0)),"") | E163: App settings page | F163: Check buzzer switches and power restore | G163: 3 separate buzzer switches; power restore ON/OFF | I163: Not Run

Sheet Decisions
A1: ID | B1: Topic | C1: Current behaviour | D1: Options | E1: Client decision | F1: Client Comment
A2: DEC-01 | B2: Timer after tank full | C2: Now: motor restarts as soon as the level drops below 100% while the slot is active. Auto and Twist wait for 25%. | D2: (a) Keep as now (b) Restart only at 25% or below
A3: DEC-03 | B3: Automatic Auto when idle | C3: Now: when no mode is running and the level goes below 50% (25%), the device starts Auto by itself (not when Auto or Manual was switched off with its button). | D3: (a) Keep as now (b) Never start Auto by itself
A4: DEC-04 | B4: Retry count used up | C4: Now: after all dry run retries fail, the motor waits for ground water or the user. | D4: (a) Keep as now (b) Retry again after a longer gap - give time
A5: DEC-05 | B5: Current fault recovery | C5: Now: after an over/under-current trip the motor may restart after the testing gap (default 30 min). | D5: (a) Keep as now (b) Different time - give time (c) Only the user restarts
A6: DEC-06 | B6: Starter relays | C6: Now: relay 2 = 2 s pulse at motor start, relay 3 = 2 s pulse at motor stop. | D6: (a) Correct (b) Different wiring - describe
A7: DEC-07 | B7: Twist days | C7: Now: the app lets you pick days for Twist but the device runs Twist every day. | D7: (a) Every day is fine (b) Add day selection
A8: DEC-08 | B8: Auto start level | C8: The Key Story says the motor starts when the level goes below 50%. The probes read 0/25/50/75/100%, so this is 25%. Now: the motor starts at 25%. | D8: (a) 25% (below 50%) (b) 50% (c) 50% the first time, 25% after the tank was filled
A9: DEC-09 | B9: Ground water lost | C9: The first testing report made ground water lost an off key in Auto and Timer; the Key Story does not list it. Now: the motor stops 10 s after ground water is lost and tries again after the testing gap. | D9: (a) Keep: ground water lost stops the motor (b) Remove: ground water only starts the motor
A10: DEC-10 | B10: Resume after a power cut | C10: Semi-Auto, Countdown and Twist continue after a power cut. Now: only when Power Restore = ON; with OFF the device starts in Manual with the motor off. | D10: (a) Only with Power Restore ON (b) Always
A11: DEC-11 | B11: Refill + power cut, previous mode Auto, Power Restore ON | C11: Refill rule: motor off after power restore. Auto rule: motor starts again. Now: the Auto rule applies (motor starts after 10 s unless the tank is full). | D11: (a) Motor stays OFF until Auto's next on key (b) Auto rule: motor starts
